Product Disc,Price,Discounts
Men's All Eyes Printed Sports Gym Long Cotton Summer Three Quarters Shorts for Men,Rs. 480,-63%-63%
Pack of 4 Summer Gym Fitness Shorts For Men,Rs. 999,-17%
All Eyes Printed Sports Gym Cotton Summer Shorts for Men,Rs. 399,-73%
Men's Tag Printed Sports Gym Long Cotton Summer Three Quarters Shorts for Men,Rs. 480,-63%
HashBack GREY PRINTED SUMMER SHORT,Rs. 299,0%
Tag Short Printed Sports Gym Cotton Summer Shorts for Men,Rs. 399,-56%
PRINTED STRETCHABLE SUMMER SHORT,Rs. 299,0%
Jersey Sleep Wear Trousers & Shorts For Adults - Night Wear Men & Women Trousers & Shorts,Rs. 199,0%
PRINTED MAROON CHINO STRETCHABLE SHORT,Rs. 499,0%
Decent Stylish Cotton Shorts for Men,Rs. 500,0%
PRINTED MAROON CHINO STRETCHABLE SHORT,Rs. 499,0%
COTTON CARGO SHORT,Rs. 599,0%
FLUORESCENT ORANGE COTTON CHINO SHORT,Rs. 499,0%
Bindas Collection Pack Of 3 Summer Cotton Jersey Shorts For Men,Rs. 749,-46%
"Pack of 3 - Three Quarter Jersey Shorts For Men - Blue, Black, Grey",Rs. 899,-25%
PRINTED MAROON CHINO STRETCHABLE SHORT,Rs. 499,0%
HASHBACK ROYAL BLUE SUMMER SHORT,Rs. 399,0%
Men Casual Color Block Pockets Drawstring Capris Trousers Loose Sports Shorts,"Rs. 2,827",-23%
PRINTED MAROON CHINO STRETCHABLE SHORT,Rs. 499,0%
Pack Of 3 Multi Color Checkered Free Size Three Quartor Cargo Short Lenght Trouser For Mens,Rs. 965,-26%
Pack of Four Sleeping and Jogging Trouser for Him,"Rs. 1,150",-30%
HASHBACK PRINTED SUMMER SHORT,Rs. 499,0%
PRINTED POPLIN SUMMER SHORT,Rs. 499,0%
Pack of 2 - Three Quarter Jersey Shorts For Him,Rs. 640,-9%
PRINTED BEIGE SUMMER SHORT,Rs. 499,0%
PRINTED GREEN COTTON SUMMER SHORT,Rs. 499,0%
PRINTED MAROON CHINO STRETCHABLE SHORT,Rs. 449,0%
Pack Of Five - Jersey Gym and Jogging Shorts For Men,Rs. 990,-32%
HashBack Camo Summer Short,Rs. 499,0%
Men Running Shorts Sports Fitness Short Pants Quick Dry Gym Slim Shorts,"Rs. 1,086",-47%
"Pack of 3 - Three Quarter Jersey Shorts For Him - Blue, Black, Grey",Rs. 970,-19%
Simple Design Black & Gray Stretchable Shorts,Rs. 400,-33%
Green Camo Summer Short,Rs. 599,0%
Cotton Fleece 3 Stripes Shorts for Men Pack of 3,Rs. 610,0%
CHILLI PRINTED YELLOW CHINO STRETCHABLE SHORT,Rs. 499,0%
Cotton Fleece Stripes Shorts for Men,Rs. 229,0%
HASHBACK CARGO 9 POCKET SHORT W/O BELT,Rs. 999,0%
Women Summer Shorts hin Casual Loose Beach Printing Drawstring Short rousers,"Rs. 1,100",-30%
HASHBACK PRINTED  STRETCHABLE SHORT,Rs. 499,0%
Pack of Five - Three Quarter Jersey Shorts For Men,"Rs. 1,250",-17%
